{
    "loss": 0.013380473479628563,
    "accuracy": 0.9901960492134094
}