{
    "loss": 1.0831743478775024,
    "accuracy": 0.8235294222831726
}